<?xml version="1.0" encoding="UTF-8"?>
<!DOCTYPE mapper
  PUBLIC "-//mybatis.org//DTD Mapper 3.0//EN"
  "http://mybatis.org/dtd/mybatis-3-mapper.dtd">
  
  <mapper namespace="com.multi.exercise.IExerciseDAO">
  	<resultMap type="com.multi.exercise.ExerciseVO" id="exerciseResult">
  		<result property="dayNo" column="dayNo"/>
  		<result property="year" column="year"/>
  		<result property="month" column="month"/>
  		<result property="exdate" column="exdate"/>
  		<result property="day" column="day"/>
  		<result property="exNo" column="exNo"/>
  		<result property="weight" column="weight"/>
  		<result property="count" column="count"/>
  	</resultMap>
  	
  	<!-- 운동 기록 조회 -->
  	<select id="exerciseList" resultMap="exerciseResult">
  		SELECT * FROM DayExercise ORDER BY dayNo
  	</select>
  	
	<!-- 운동 정보 등록 --> <!-- ★★★★★★★★★★수정중★★★★★★★★★ -->
  	<insert id="insertExercise" parameterType="com.multi.exercise.ExerciseVO">
  		INSERT INTO DayExercise (dayNo, year, month, exdate, day, exNo, weight, count)
  		VALUES (#{dayNo}, #{year}, #{month}, #{exdate}, #{day}, #{exNo}, #{weight}, #{count})
  	</insert>
  	
  	<!-- 운동 상세 기록 조회 -->
  	<select id="exerciseDetailView" resultMap="exerciseResult">
  		SELECT * FROM DayExercise WHERE dayNo=#{dayNo}
  	</select>
  	
  	<!-- 운동 기록 수정 --> <!-- 날짜는 수정 못하도록???????? -->
  	<update id="updateExercise" parameterType="com.multi.exercise.ExerciseVO">
  		UPDATE DayExercise
  		SET year=#{year}, month=#{month}, exdate=#{exdate},
  			day=#{day}, exNo=#{exNo}, weight=#{weight}, count=#{count}
  			WHERE dayNo=#{dayNo}
  	</update>
  	
  	<!-- 운동 기록 삭제 -->
  	<delete id="deleteExercise" parameterType="String">
  		DELETE FROM DayExercise WHERE dayNo=#{dayNo}
  	</delete>
 </mapper>