<?xml version="1.0" encoding="UTF-8"?>
<!DOCTYPE mapper
  PUBLIC "-//mybatis.org//DTD Mapper 3.0//EN"
  "http://mybatis.org/dtd/mybatis-3-mapper.dtd">
  
  <mapper namespace="com.multi.member.IMemberDAO">
  		<resultMap type="com.multi.member.MemberVO" id="memResult">
  			<result property="id" column="id"  />
  			<result property="pwd" column="pwd"  />
  			<result property="name" column="name"  /> 
  			<result property="email" column="email"  />
  			<result property="age" column="age"  />
  			<result property="gender" column="gender"  />
  			<result property="height" column="height"  />
  			<result property="weight" column="weight"  />
  			
  		</resultMap>  
 
  		<!-- 로그인 확인 -->
  		<select id="loginCheck" resultMap="memResult" parameterType="hashmap">
  			<![CDATA[
  				SELECT * FROM member WHERE id=#{id} AND pwd=#{pwd}
  			]]>
  		</select>
  		
  		<!-- 아이디 중복 체크 -->
  		<select id="idCheck" resultType="int" parameterType="String">
  			SELECT COUNT(id) FROM member WHERE id=#{id}
  		</select>
  		
  		<!-- 회원가입 확인 -->
  		<select id="join" resultMap="memResult" parameterType="hashmap">
  			<![CDATA[
  				INSERT INTO member (id, pwd, name, email, age, gender, height, weight) 
  				VALUES (#{id},#{pwd},#{name},#{email},#{age},#{gender},#{height},#{weight})
  			]]>
  		</select>
  		
  		<!-- 본인 정보 확인(myPage) -->
  		<select id="myPage" resultMap="memResult">
  			SELECT * FROM member WHERE id= #{id}
  		</select>
  		
  		<!-- 회원 정보 수정  -->
  		<update id="updateMember" parameterType="com.multi.member.MemberVO">
  			UPDATE member
  			SET age=#{age}, height=#{height},
  				   weight=#{weight}
  			WHERE id=#{id}	   	
  		</update>
  </mapper>
  